{"accuracy": [0.6000284552574158, 0.8603029847145081, 0.9137918949127197, 0.9403656125068665, 0.9545060396194458, 0.9653317928314209, 0.9723024368286133, 0.9739810824394226, 0.9811366200447083, 0.9816060662269592], "loss": [1.3554949760437012, 0.44224104285240173, 0.26596686244010925, 0.1812809854745865, 0.13666315376758575, 0.10592979192733765, 0.08577010035514832, 0.07840701937675476, 0.05832928791642189, 0.057133447378873825], "val_accuracy": [0.8216480612754822, 0.9114500284194946, 0.928977906703949, 0.9388800263404846, 0.9487252235412598, 0.9453676342964172, 0.9538470506668091, 0.9646596908569336, 0.9642613530158997, 0.9716594815254211], "val_loss": [0.5616274476051331, 0.2792060375213623, 0.21358762681484222, 0.2008349448442459, 0.1626535952091217, 0.1791866272687912, 0.15291565656661987, 0.11692403256893158, 0.11314864456653595, 0.09418510645627975]}